{"cameraMode":{"drawMode":0,"name":"Shaded","section":"Shading Mode"},"sceneLighting":true,"audioPlay":false,"sceneViewState":{"m_AlwaysRefresh":false,"showFog":true,"showSkybox":true,"showFlares":true,"showImageEffects":true,"showParticleSystems":true,"showVisualEffectGraphs":true,"m_FxEnabled":true},"in2DMode":false,"pivot":{"x":-6.350566864013672,"y":3.164231777191162,"z":0.8287081122398377},"rotation":{"x":0.08246580511331558,"y":-0.6939219832420349,"z":0.08050370216369629,"w":0.7107782363891602},"size":16.805267333984376,"orthographic":false}